Pais,Variables,Link,Formato,,,,,,,,,,,,
Mexico,Cambio dolar,https://wise.com/es/currency-converter/usd-to-mxn-rate?amount=1,D,,,,,,,,,,,,
Brasil,Cambio dolar,https://wise.com/es/currency-converter/usd-to-brl-rate?amount=1,D,,,,,,,,,,,,
Argentina,Cambio dolar,https://wise.com/es/currency-converter/usd-to-ars-rate?amount=1,D,,,,,,,,,,,,
Colombia,Cambio dolar,https://wise.com/es/currency-converter/usd-to-cop-rate?amount=1,D,,,,,,,,,,,,
Chile,Cambio dolar,https://wise.com/es/currency-converter/usd-to-clp-rate?amount=1,D,,,,,,,,,,,,
Peru,Cambio dolar,https://wise.com/es/currency-converter/usd-to-pen-rate?amount=1,D,,,,,,,,,,,,
Ecuador,Cambio dolar,https://www.mataf.net/es/cambio/divisas-USD-ECS?m1=1,E,,,,,,,,,,,,
Costa Rica,Cambio dolar,https://wise.com/es/currency-converter/usd-to-crc-rate?amount=1,D,,,,,,,,,,,,
Panama,Cambio dolar,https://wise.com/es/currency-converter/usd-to-pab-rate?amount=1,D,,,,,,,,,,,,
Paraguay,Cambio dolar,https://wise.com/es/currency-converter/usd-to-pyg-rate?amount=1,D,,,,,,,,,,,,
Mexico,CPI,https://tradingeconomics.com/mexico/consumer-price-index-cpi,E,,,,,,,,,,,,
Brasil,CPI,https://tradingeconomics.com/brazil/consumer-price-index-cpi,E,,,,,,,,,,,,
Argentina,CPI,https://tradingeconomics.com/argentina/consumer-price-index-cpi,E,,,,,,,,,,,,
Colombia,CPI,https://tradingeconomics.com/colombia/consumer-price-index-cpi,E,,,,,,,,,,,,
Chile,CPI,https://tradingeconomics.com/chile/consumer-price-index-cpi,E,,,,,,,,,,,,
Peru,CPI,https://tradingeconomics.com/peru/consumer-price-index-cpi,E,,,,,,,,,,,,
Ecuador,CPI,https://tradingeconomics.com/ecuador/consumer-price-index-cpi,E,,,,,,,,,,,, 
Costa Rica,CPI,https://tradingeconomics.com/costa-rica/consumer-price-index-cpi,E,,,,,,,,,,,,
Panama,CPI,https://tradingeconomics.com/panama/consumer-price-index-cpi,E,,,,,,,,,,,,
Paraguay,CPI,https://tradingeconomics.com/paraguay/consumer-price-index-cpi,E,,,,,,,,,,,,
Mexico,Inflation rate,https://tradingeconomics.com/mexico/inflation-cpi,E,,,,,,,,,,,,
Brasil,Inflation rate,https://tradingeconomics.com/brazil/inflation-cpi,E,,,,,,,,,,,,
Argentina,Inflation rate,https://tradingeconomics.com/argentina/inflation-cpi,E,,,,,,,,,,,,
Colombia,Inflation rate,https://tradingeconomics.com/colombia/inflation-cpi,E,,,,,,,,,,,,
Chile,Inflation rate,https://tradingeconomics.com/chile/inflation-cpi,E,,,,,,,,,,,,
Peru,Inflation rate,https://tradingeconomics.com/peru/inflation-cpi,E,,,,,,,,,,,,
Ecuador,Inflation rate,https://tradingeconomics.com/ecuador/inflation-cpi,E,,,,,,,,,,,,
Costa Rica,Inflation rate,https://tradingeconomics.com/costa-rica/inflation-cpi,E,,,,,,,,,,,,
Panama,Inflation rate,https://tradingeconomics.com/panama/inflation-cpi,E,,,,,,,,,,,,
Paraguay,Inflation rate,https://tradingeconomics.com/paraguay/inflation-cpi,E,,,,,,,,,,,,
Mexico,producer prices,https://tradingeconomics.com/mexico/producer-prices,E,,,,,,,,,,,,
Brasil,producer prices,https://tradingeconomics.com/brazil/producer-prices,E,,,,,,,,,,,,
Argentina,producer prices,https://tradingeconomics.com/argentina/producer-prices,E,,,,,,,,,,,,
Colombia,producer prices,https://tradingeconomics.com/colombia/producer-prices,E,,,,,,,,,,,,
Chile,producer prices,https://tradingeconomics.com/chile/producer-prices,E,,,,,,,,,,,,
Peru,producer prices,https://tradingeconomics.com/peru/producer-prices,E,,,,,,,,,,,,
Ecuador,producer prices,https://tradingeconomics.com/ecuador/producer-prices,E,,,,,,,,,,,,
Costa Rica,producer prices,https://tradingeconomics.com/costa-rica/producer-prices,E,,,,,,,,,,,,
Paraguay,producer prices,https://tradingeconomics.com/paraguay/producer-prices,E,,,,,,,,,,,,
Mexico,GDP,https://tradingeconomics.com/mexico/gdp,E,,,,,,,,,,,,
Brasil,GDP,https://tradingeconomics.com/brazil/gdp,E,,,,,,,,,,,,
Argentina,GDP,https://tradingeconomics.com/argentina/gdp,E,,,,,,,,,,,,
Colombia,GDP,https://tradingeconomics.com/colombia/gdp,E,,,,,,,,,,,,
Chile,GDP,https://tradingeconomics.com/chile/gdp,E,,,,,,,,,,,,
Peru,GDP,https://tradingeconomics.com/peru/gdp,E,,,,,,,,,,,,
Ecuador,GDP,https://tradingeconomics.com/ecuador/gdp,E,,,,,,,,,,,,
Costa Rica,GDP,https://tradingeconomics.com/costa-rica/gdp,E,,,,,,,,,,,,
Panama,GDP,https://tradingeconomics.com/panama/gdp,E,,,,,,,,,,,,
Paraguay,GDP,https://tradingeconomics.com/paraguay/gdp,E,,,,,,,,,,,,
Mexico,Interest rate,https://tradingeconomics.com/mexico/interest-rate,E,,,,,,,,,,,,
Brasil,Interest rate,https://tradingeconomics.com/brazil/interest-rate,E,,,,,,,,,,,,
Argentina,Interest rate,https://tradingeconomics.com/argentina/interest-rate,E,,,,,,,,,,,,
Colombia,Interest rate,https://tradingeconomics.com/colombia/interest-rate,E,,,,,,,,,,,,
Chile,Interest rate,https://tradingeconomics.com/chile/interest-rate,E,,,,,,,,,,,,
Peru,Interest rate,https://tradingeconomics.com/peru/interest-rate,E,,,,,,,,,,,,
Ecuador,Interest rate,https://tradingeconomics.com/ecuador/interest-rate,E,,,,,,,,,,,,
Costa Rica,Interest rate,https://tradingeconomics.com/costa-rica/interest-rate,E,,,,,,,,,,,,
Panama,Interest rate,https://tradingeconomics.com/panama/interest-rate,E,,,,,,,,,,,,
Paraguay,Interest rate,https://tradingeconomics.com/paraguay/interest-rate,E,,,,,,,,,,,,